id,alive,request,resolve,url,subdomain,level,cname,ip,public,cdn,port,status,reason,title,banner,cidr,asn,org,addr,isp,source
7,1,1,1,https://eol.zorelworld.com,eol.zorelworld.com,1,eol.zorelworld.com,124.127.209.46,1,1,443,200,OK,睿眼·邮件在线检测,nginx/1.20.1,124.127.192.0/18,AS4847,China Networks Inter-Exchange,中国北京北京市,电信,CrtshQuery
11,1,1,1,http://eol.zorelworld.com,eol.zorelworld.com,1,eol.zorelworld.com,124.127.209.46,1,1,80,200,OK,睿眼·邮件在线检测,nginx/1.20.1,124.127.192.0/18,AS4847,China Networks Inter-Exchange,中国北京北京市,电信,CrtshQuery
10,1,1,1,https://ir.zorelworld.com,ir.zorelworld.com,1,ir.zorelworld.com,124.127.209.46,1,0,443,401,Unauthorized,401 Authorization Required,nginx/1.20.1,124.127.192.0/18,AS4847,China Networks Inter-Exchange,中国北京北京市,电信,CrtshQuery
12,1,1,1,http://ir.zorelworld.com,ir.zorelworld.com,1,ir.zorelworld.com,124.127.209.46,1,0,80,401,Unauthorized,401 Authorization Required,nginx/1.20.1,124.127.192.0/18,AS4847,China Networks Inter-Exchange,中国北京北京市,电信,CrtshQuery
5,1,1,1,https://irl.zorelworld.com,irl.zorelworld.com,1,irl.zorelworld.com,124.127.209.46,1,0,443,401,Unauthorized,401 Authorization Required,nginx/1.20.1,124.127.192.0/18,AS4847,China Networks Inter-Exchange,中国北京北京市,电信,CrtshQuery
8,1,1,1,http://irl.zorelworld.com,irl.zorelworld.com,1,irl.zorelworld.com,124.127.209.46,1,0,80,401,Unauthorized,401 Authorization Required,nginx/1.20.1,124.127.192.0/18,AS4847,China Networks Inter-Exchange,中国北京北京市,电信,CrtshQuery
29,0,0,1,http://jira.zorelworld.com,jira.zorelworld.com,1,jira.zorelworld.com,36.110.116.43,1,0,80,,"(MaxRetryError(""HTTPConnectionPool(host='jira.zorelworld.com', port=80): Max retries exceeded with url: / (Caused by ConnectTimeoutError(<urllib3.connection.HTTPConnection object at 0x7f1a60073460>, 'Connection to jira.zorelworld.com timed out. (connect timeout=3.05)'))""),)",,,36.110.116.0/23,AS4847,China Networks Inter-Exchange,中国北京北京市,电信,CrtshQuery
30,0,0,1,https://jira.zorelworld.com,jira.zorelworld.com,1,jira.zorelworld.com,36.110.116.43,1,0,443,,"(MaxRetryError(""HTTPSConnectionPool(host='jira.zorelworld.com', port=443): Max retries exceeded with url: / (Caused by ConnectTimeoutError(<urllib3.connection.HTTPSConnection object at 0x7f1a60073730>, 'Connection to jira.zorelworld.com timed out. (connect timeout=3.05)'))""),)",,,36.110.116.0/23,AS4847,China Networks Inter-Exchange,中国北京北京市,电信,CrtshQuery
27,0,0,1,https://kb.zorelworld.com,kb.zorelworld.com,1,kb.zorelworld.com,192.168.89.200,0,0,443,,"(MaxRetryError(""HTTPSConnectionPool(host='kb.zorelworld.com', port=443): Max retries exceeded with url: / (Caused by ConnectTimeoutError(<urllib3.connection.HTTPSConnection object at 0x7f1a6012b760>, 'Connection to kb.zorelworld.com timed out. (connect timeout=3.05)'))""),)",,,192.168.0.0/16,AS-,-,内网IP,内网IP,QianXunQuery
28,0,0,1,http://kb.zorelworld.com,kb.zorelworld.com,1,kb.zorelworld.com,192.168.89.200,0,0,80,,"(MaxRetryError(""HTTPConnectionPool(host='kb.zorelworld.com', port=80): Max retries exceeded with url: / (Caused by ConnectTimeoutError(<urllib3.connection.HTTPConnection object at 0x7f1a60122310>, 'Connection to kb.zorelworld.com timed out. (connect timeout=3.05)'))""),)",,,192.168.0.0/16,AS-,-,内网IP,内网IP,QianXunQuery
15,1,1,1,https://sandbox.zorelworld.com,sandbox.zorelworld.com,1,sandbox.zorelworld.com,124.127.209.46,1,0,443,401,Unauthorized,401 Authorization Required,nginx/1.20.1,124.127.192.0/18,AS4847,China Networks Inter-Exchange,中国北京北京市,电信,CrtshQuery
16,1,1,1,http://sandbox.zorelworld.com,sandbox.zorelworld.com,1,sandbox.zorelworld.com,124.127.209.46,1,0,80,401,Unauthorized,401 Authorization Required,nginx/1.20.1,124.127.192.0/18,AS4847,China Networks Inter-Exchange,中国北京北京市,电信,CrtshQuery
17,1,1,1,https://ti.zorelworld.com,ti.zorelworld.com,1,cloud.secmao.me,124.127.209.46,1,0,443,401,Unauthorized,401 Authorization Required,nginx/1.20.1,124.127.192.0/18,AS4847,China Networks Inter-Exchange,中国北京北京市,电信,CrtshQuery
18,1,1,1,http://ti.zorelworld.com,ti.zorelworld.com,1,cloud.secmao.me,124.127.209.46,1,0,80,401,Unauthorized,401 Authorization Required,nginx/1.20.1,124.127.192.0/18,AS4847,China Networks Inter-Exchange,中国北京北京市,电信,CrtshQuery
13,1,1,1,https://update.zorelworld.com,update.zorelworld.com,1,update.zorelworld.com,124.127.209.46,1,1,443,200,OK,睿眼更新包下载,nginx/1.20.1,124.127.192.0/18,AS4847,China Networks Inter-Exchange,中国北京北京市,电信,CrtshQuery
14,1,1,1,http://update.zorelworld.com,update.zorelworld.com,1,update.zorelworld.com,124.127.209.46,1,1,80,200,OK,睿眼更新包下载,nginx/1.20.1,124.127.192.0/18,AS4847,China Networks Inter-Exchange,中国北京北京市,电信,CrtshQuery
4,1,1,1,http://worktile-box.zorelworld.com,worktile-box.zorelworld.com,1,worktile-box.zorelworld.com,182.92.154.36,1,0,80,200,OK,中睿天下_威胁监测 攻击溯源,"nginx,PHP/5.2.17p1",182.92.128.0/17,AS37963,Hangzhou Alibaba Advertising Co. Ltd.,中国北京北京市,阿里云,QianXunQuery
22,0,0,1,https://worktile-box.zorelworld.com,worktile-box.zorelworld.com,1,worktile-box.zorelworld.com,182.92.154.36,1,0,443,,"(MaxRetryError(""HTTPSConnectionPool(host='worktile-box.zorelworld.com', port=443): Max retries exceeded with url: / (Caused by ConnectTimeoutError(<urllib3.connection.HTTPSConnection object at 0x7f1a601171c0>, 'Connection to worktile-box.zorelworld.com timed out. (connect timeout=3.05)'))""),)",,,182.92.128.0/17,AS37963,Hangzhou Alibaba Advertising Co. Ltd.,中国北京北京市,阿里云,QianXunQuery
2,1,1,1,http://worktile-im.zorelworld.com,worktile-im.zorelworld.com,1,worktile-im.zorelworld.com,182.92.154.36,1,0,80,200,OK,中睿天下_威胁监测 攻击溯源,"nginx,PHP/5.2.17p1",182.92.128.0/17,AS37963,Hangzhou Alibaba Advertising Co. Ltd.,中国北京北京市,阿里云,QianXunQuery
20,0,0,1,https://worktile-im.zorelworld.com,worktile-im.zorelworld.com,1,worktile-im.zorelworld.com,182.92.154.36,1,0,443,,"(MaxRetryError(""HTTPSConnectionPool(host='worktile-im.zorelworld.com', port=443): Max retries exceeded with url: / (Caused by ConnectTimeoutError(<urllib3.connection.HTTPSConnection object at 0x7f1a600e5970>, 'Connection to worktile-im.zorelworld.com timed out. (connect timeout=3.05)'))""),)",,,182.92.128.0/17,AS37963,Hangzhou Alibaba Advertising Co. Ltd.,中国北京北京市,阿里云,QianXunQuery
9,1,1,1,http://worktile-seaweed.zorelworld.com,worktile-seaweed.zorelworld.com,1,worktile-seaweed.zorelworld.com,182.92.154.36,1,0,80,200,OK,中睿天下_威胁监测 攻击溯源,"nginx,PHP/5.2.17p1",182.92.128.0/17,AS37963,Hangzhou Alibaba Advertising Co. Ltd.,中国北京北京市,阿里云,QianXunQuery
26,0,0,1,https://worktile-seaweed.zorelworld.com,worktile-seaweed.zorelworld.com,1,worktile-seaweed.zorelworld.com,182.92.154.36,1,0,443,,"(MaxRetryError(""HTTPSConnectionPool(host='worktile-seaweed.zorelworld.com', port=443): Max retries exceeded with url: / (Caused by ConnectTimeoutError(<urllib3.connection.HTTPSConnection object at 0x7f1a601349d0>, 'Connection to worktile-seaweed.zorelworld.com timed out. (connect timeout=3.05)'))""),)",,,182.92.128.0/17,AS37963,Hangzhou Alibaba Advertising Co. Ltd.,中国北京北京市,阿里云,QianXunQuery
3,1,1,1,http://worktile.zorelworld.com,worktile.zorelworld.com,1,worktile.zorelworld.com,182.92.154.36,1,0,80,200,OK,中睿天下_威胁监测 攻击溯源,"nginx,PHP/5.2.17p1",182.92.128.0/17,AS37963,Hangzhou Alibaba Advertising Co. Ltd.,中国北京北京市,阿里云,QianXunQuery
21,0,0,1,https://worktile.zorelworld.com,worktile.zorelworld.com,1,worktile.zorelworld.com,182.92.154.36,1,0,443,,"(MaxRetryError(""HTTPSConnectionPool(host='worktile.zorelworld.com', port=443): Max retries exceeded with url: / (Caused by ConnectTimeoutError(<urllib3.connection.HTTPSConnection object at 0x7f1a60118100>, 'Connection to worktile.zorelworld.com timed out. (connect timeout=3.05)'))""),)",,,182.92.128.0/17,AS37963,Hangzhou Alibaba Advertising Co. Ltd.,中国北京北京市,阿里云,QianXunQuery
1,1,1,1,http://www.zorelworld.com,www.zorelworld.com,1,www.zorelworld.com,182.92.154.36,1,0,80,200,OK,中睿天下_威胁监测 攻击溯源,"nginx,PHP/5.2.17p1",182.92.128.0/17,AS37963,Hangzhou Alibaba Advertising Co. Ltd.,中国北京北京市,阿里云,IP138Query
19,0,0,1,https://www.zorelworld.com,www.zorelworld.com,1,www.zorelworld.com,182.92.154.36,1,0,443,,"(MaxRetryError(""HTTPSConnectionPool(host='www.zorelworld.com', port=443): Max retries exceeded with url: / (Caused by ConnectTimeoutError(<urllib3.connection.HTTPSConnection object at 0x7f1a59f6f940>, 'Connection to www.zorelworld.com timed out. (connect timeout=3.05)'))""),)",,,182.92.128.0/17,AS37963,Hangzhou Alibaba Advertising Co. Ltd.,中国北京北京市,阿里云,IP138Query
24,0,0,1,https://yzj.zorelworld.com,yzj.zorelworld.com,1,yzj.zorelworld.com,36.110.116.43,1,0,443,,"(MaxRetryError(""HTTPSConnectionPool(host='yzj.zorelworld.com', port=443): Max retries exceeded with url: / (Caused by ConnectTimeoutError(<urllib3.connection.HTTPSConnection object at 0x7f1a59f6f250>, 'Connection to yzj.zorelworld.com timed out. (connect timeout=3.05)'))""),)",,,36.110.116.0/23,AS4847,China Networks Inter-Exchange,中国北京北京市,电信,CrtshQuery
25,0,0,1,http://yzj.zorelworld.com,yzj.zorelworld.com,1,yzj.zorelworld.com,36.110.116.43,1,0,80,,"(MaxRetryError(""HTTPConnectionPool(host='yzj.zorelworld.com', port=80): Max retries exceeded with url: / (Caused by ConnectTimeoutError(<urllib3.connection.HTTPConnection object at 0x7f1a6007bc70>, 'Connection to yzj.zorelworld.com timed out. (connect timeout=3.05)'))""),)",,,36.110.116.0/23,AS4847,China Networks Inter-Exchange,中国北京北京市,电信,CrtshQuery
6,1,1,1,http://zorelworld.com,zorelworld.com,0,zorelworld.com,182.92.154.36,1,0,80,200,OK,中睿天下_威胁监测 攻击溯源,"nginx,PHP/5.2.17p1",182.92.128.0/17,AS37963,Hangzhou Alibaba Advertising Co. Ltd.,中国北京北京市,阿里云,IP138Query
23,0,0,1,https://zorelworld.com,zorelworld.com,0,zorelworld.com,182.92.154.36,1,0,443,,"(MaxRetryError(""HTTPSConnectionPool(host='zorelworld.com', port=443): Max retries exceeded with url: / (Caused by ConnectTimeoutError(<urllib3.connection.HTTPSConnection object at 0x7f1a58635a60>, 'Connection to zorelworld.com timed out. (connect timeout=3.05)'))""),)",,,182.92.128.0/17,AS37963,Hangzhou Alibaba Advertising Co. Ltd.,中国北京北京市,阿里云,IP138Query
